Yıl,Ay,20122,62493,65520,17171,62555,63001,61234,59012,58008,56007,54003,52002,51011,50005,49004,48006
2016,1,-31.78,-26.94,-39.36,-37.41,-34.22,-17.61,-20.28,-30.26,-31.5,-29.9,-21.33,-20.07,-15.8,-23.27,-33.92,-29.16
2016,2,-31.7,-24.49,-39.25,-37.88,-33.47,-16.68,-19.67,-29.56,-31.91,-29.17,-21.83,-20.76,-15.95,-23.06,-33.28,-29.19
2016,3,-29.85,-23.98,-38.18,-36.38,-32.7,-16.59,-19.14,-27.43,-30.65,-28.03,-21.13,-19.69,-15.98,-22.62,-32.67,-28.45
2016,4,-28.51,-23.15,-38.04,-37.0,-31.34,-15.89,-18.7,-26.64,-30.44,-27.57,-20.05,-19.47,-15.24,-21.28,-31.9,-27.33
2016,5,-28.2,-22.65,-37.6,-36.27,-29.66,-15.95,-18.43,-25.83,-29.29,-26.46,-19.97,-19.34,-15.01,-21.08,-31.78,-28.04
2016,6,-28.36,-22.09,-36.67,-36.05,-30.15,-15.74,-18.43,-26.1,-30.02,-26.52,-19.99,-19.0,-13.8,-21.62,-31.59,-27.53
2016,7,-29.32,-22.73,-37.56,-37.36,-30.84,-15.79,-19.41,-26.9,-29.93,-27.39,-20.45,-19.15,-14.63,-22.04,-32.09,-27.4
2016,8,-30.21,-23.28,-38.85,-36.27,-31.6,-16.6,-19.29,-26.5,-29.98,-27.4,-20.3,-19.76,-15.37,-22.66,-32.53,-28.51
2016,9,-31.8,-25.3,-38.44,-37.9,-32.9,-16.28,-19.8,-29.14,-31.06,-29.28,-21.71,-20.32,-16.1,-23.04,-33.64,-29.37
2016,10,-32.75,-27.09,-39.63,-38.04,-33.79,-16.92,-21.32,-30.0,-32.03,-30.91,-22.39,-20.06,-16.6,-23.39,-34.71,-29.28
2016,11,-34.05,-26.76,-39.83,-38.28,-36.1,-17.39,-21.68,-31.4,-32.39,-32.17,-22.86,-20.91,-16.6,-24.74,-34.12,-30.36
2016,12,-34.45,-27.89,-39.29,-38.53,-35.8,-19.36,-22.07,-31.18,-32.53,-32.57,-23.5,-21.21,-16.92,-24.02,-34.9,-30.97
2017,1,-34.03,-27.9,-40.62,-38.43,-36.32,-18.48,-20.68,-31.54,-31.99,-32.79,-22.94,-22.07,-17.26,-24.16,-34.8,-30.67
2017,2,-32.73,-26.77,-39.67,-38.56,-35.15,-18.1,-21.36,-30.34,-31.38,-30.81,-22.39,-21.07,-17.04,-23.84,-33.99,-30.07
2017,3,-32.77,-26.35,-39.38,-38.5,-34.25,-17.24,-20.61,-29.75,-31.66,-30.34,-22.22,-20.62,-16.58,-23.81,-33.46,-30.15
2017,4,-31.47,-24.57,-38.65,-37.41,-32.21,-16.68,-20.14,-28.45,-31.22,-29.49,-21.89,-20.43,-15.51,-21.89,-32.54,-28.69
2017,5,-29.89,-24.07,-38.62,-37.31,-32.0,-16.09,-19.52,-28.48,-30.98,-28.52,-21.25,-19.43,-15.21,-22.61,-32.82,-28.18
2017,6,-30.42,-24.57,-37.78,-36.98,-31.85,-16.56,-19.29,-28.08,-30.81,-28.55,-21.5,-19.15,-15.68,-22.84,-33.14,-28.53
2017,7,-31.33,-24.64,-38.58,-38.28,-31.96,-17.1,-20.11,-28.24,-30.9,-29.17,-21.46,-19.76,-15.37,-22.58,-34.13,-28.66
2017,8,-32.4,-25.67,-38.62,-37.97,-33.41,-17.4,-19.8,-29.02,-31.07,-30.22,-21.75,-20.29,-16.17,-23.08,-33.07,-29.19
2017,9,-33.65,-26.68,-39.61,-37.76,-34.43,-17.6,-20.46,-29.95,-31.93,-31.58,-23.0,-20.64,-16.08,-24.23,-34.07,-29.87
2017,10,-35.28,-29.23,-40.02,-39.29,-36.09,-19.02,-20.86,-31.79,-32.73,-32.7,-23.85,-21.46,-17.75,-24.45,-34.65,-31.08
2017,11,-36.59,-29.99,-40.9,-39.25,-37.09,-19.57,-21.99,-32.97,-31.99,-33.21,-23.89,-21.76,-17.72,-24.49,-35.54,-31.11
2017,12,-36.83,-30.81,-41.25,-39.72,-37.42,-19.11,-22.96,-33.36,-32.43,-34.96,-23.99,-22.84,-18.0,-25.15,-35.18,-31.69
2018,1,-36.68,-31.05,-40.21,-40.31,-37.17,-18.61,-22.26,-33.02,-32.58,-34.09,-24.42,-22.98,-17.85,-25.58,-35.48,-31.66
2018,2,-35.75,-29.48,-40.8,-39.53,-36.37,-19.51,-21.43,-32.47,-32.53,-33.74,-23.89,-21.41,-18.01,-24.51,-34.87,-30.84
2018,3,-34.89,-27.65,-40.01,-39.26,-35.34,-18.14,-21.51,-31.41,-32.08,-32.8,-23.05,-21.64,-17.73,-24.45,-34.57,-30.06
2018,4,-33.99,-26.73,-38.75,-38.1,-34.52,-17.88,-21.07,-29.96,-30.66,-31.47,-21.96,-21.18,-16.77,-23.73,-32.94,-30.02
2018,5,-33.21,-26.2,-39.07,-38.24,-33.49,-17.21,-20.54,-29.92,-32.16,-30.08,-22.64,-20.98,-15.77,-23.17,-33.35,-29.94
2018,6,-32.79,-26.34,-38.77,-38.19,-32.76,-17.79,-20.41,-28.92,-30.59,-31.33,-22.65,-20.38,-16.07,-23.53,-33.62,-29.64
2018,7,-33.95,-25.99,-38.56,-38.77,-33.4,-18.61,-20.54,-29.97,-31.65,-30.53,-22.59,-20.87,-16.31,-23.14,-34.25,-29.61
2018,8,-34.98,-27.99,-39.72,-38.56,-34.77,-18.78,-21.39,-30.51,-32.37,-32.67,-23.45,-21.19,-16.96,-23.9,-34.11,-30.33
2018,9,-35.85,-29.34,-40.42,-39.17,-36.05,-18.59,-23.02,-31.75,-31.98,-33.01,-23.95,-22.16,-18.01,-24.48,-35.16,-31.12
2018,10,-37.69,-31.29,-41.65,-40.66,-37.14,-20.29,-22.9,-33.24,-33.12,-34.72,-24.87,-23.0,-17.73,-25.28,-35.45,-32.16
2018,11,-38.77,-31.96,-41.93,-40.9,-38.35,-20.59,-24.0,-34.14,-33.29,-35.91,-25.59,-23.37,-19.2,-25.98,-36.52,-32.24
2018,12,-39.9,-32.55,-41.3,-41.25,-38.8,-21.18,-23.72,-35.34,-33.97,-36.34,-25.04,-24.12,-18.73,-26.1,-36.68,-33.04
2019,1,-39.1,-31.88,-41.66,-41.79,-38.25,-20.84,-23.55,-34.81,-33.97,-36.52,-25.03,-23.55,-19.76,-25.75,-36.27,-32.94
2019,2,-37.88,-30.77,-41.04,-40.69,-37.43,-19.62,-22.87,-34.15,-33.65,-35.45,-24.01,-23.52,-18.54,-26.33,-36.33,-32.35
2019,3,-37.35,-30.03,-41.46,-40.62,-37.44,-19.08,-22.48,-32.65,-32.16,-33.75,-25.28,-23.16,-17.97,-25.47,-35.44,-31.64
2019,4,-36.06,-30.11,-40.6,-39.61,-36.12,-19.34,-23.16,-32.29,-31.98,-32.84,-24.06,-22.4,-16.72,-24.38,-34.61,-30.61
2019,5,-35.99,-28.56,-39.19,-39.88,-34.79,-18.93,-21.03,-31.36,-31.82,-31.92,-24.23,-21.88,-16.36,-23.99,-34.46,-30.72
2019,6,-35.45,-27.85,-39.08,-38.83,-34.19,-18.84,-22.47,-30.98,-31.48,-32.81,-23.24,-21.87,-17.41,-24.06,-34.92,-30.61
2019,7,-35.34,-28.58,-40.0,-39.69,-35.93,-20.26,-22.53,-31.09,-32.12,-33.02,-23.79,-22.58,-17.77,-24.82,-35.03,-30.76
2019,8,-37.46,-29.99,-40.33,-40.74,-37.29,-19.6,-22.47,-32.14,-32.34,-34.48,-23.52,-23.38,-17.54,-25.58,-35.04,-31.08
2019,9,-39.18,-31.3,-41.23,-39.92,-38.19,-19.93,-23.39,-33.85,-32.67,-35.36,-24.86,-24.15,-18.35,-24.97,-36.29,-32.35
2019,10,-39.4,-32.56,-41.25,-41.34,-39.82,-20.73,-24.16,-35.42,-33.21,-36.64,-26.68,-23.77,-19.57,-25.41,-37.02,-32.49
2019,11,-41.02,-33.67,-41.92,-41.62,-39.99,-21.18,-24.07,-36.51,-35.15,-38.02,-26.31,-24.31,-19.26,-26.62,-36.95,-33.0
2019,12,-41.39,-33.79,-42.65,-42.26,-39.82,-21.97,-25.08,-36.63,-33.93,-38.19,-26.48,-24.8,-19.86,-26.98,-37.32,-33.39
2020,1,-41.83,-34.2,-41.75,-42.8,-39.99,-22.17,-25.14,-36.67,-34.68,-37.87,-26.38,-23.98,-20.03,-26.41,-37.13,-33.6
2020,2,-40.37,-32.92,-41.23,-40.86,-40.65,-20.54,-24.6,-36.18,-34.15,-37.63,-25.6,-24.24,-19.77,-26.09,-37.33,-32.9
2020,3,-40.13,-32.82,-41.7,-41.49,-39.05,-20.25,-24.14,-34.66,-33.46,-36.41,-26.01,-23.71,-18.67,-25.52,-35.73,-32.16
2020,4,-38.74,-31.76,-40.8,-40.6,-37.94,-20.33,-23.48,-33.06,-32.91,-36.03,-24.93,-23.91,-17.97,-24.58,-35.67,-31.63
2020,5,-37.63,-30.77,-40.15,-40.05,-37.02,-19.73,-23.11,-32.78,-32.42,-35.1,-25.28,-23.55,-17.72,-24.34,-35.19,-32.04
2020,6,-37.58,-29.74,-40.62,-40.01,-36.99,-20.49,-23.23,-32.63,-31.64,-35.06,-25.35,-21.82,-18.6,-25.31,-35.65,-31.9
2020,7,-37.97,-30.55,-40.78,-40.12,-37.38,-21.04,-23.36,-33.06,-32.61,-35.07,-25.72,-23.19,-18.38,-24.84,-35.61,-31.87
2020,8,-38.99,-31.87,-40.71,-40.94,-38.35,-21.06,-23.19,-34.09,-33.47,-36.15,-25.69,-23.92,-19.15,-25.67,-35.46,-33.2
2020,9,-40.78,-33.47,-41.14,-42.28,-39.28,-21.12,-25.04,-35.21,-33.42,-38.24,-25.62,-24.45,-19.04,-26.12,-36.35,-32.67
2020,10,-43.14,-34.73,-42.19,-41.8,-41.74,-21.74,-24.98,-36.57,-34.65,-38.91,-26.41,-24.92,-19.31,-26.47,-37.4,-34.16
2020,11,-42.95,-35.64,-42.53,-43.09,-42.31,-23.17,-25.46,-37.87,-35.86,-40.15,-27.19,-25.35,-20.87,-27.54,-38.4,-34.42
2020,12,-44.8,-35.99,-42.43,-43.35,-42.02,-22.75,-26.03,-38.78,-34.96,-40.99,-27.93,-25.57,-21.19,-27.02,-38.07,-34.77
2021,1,-43.75,-35.8,-42.31,-43.59,-42.72,-23.19,-26.05,-37.72,-35.45,-40.07,-27.49,-26.11,-20.65,-27.68,-38.26,-33.63
2021,2,-43.07,-36.06,-42.37,-42.54,-42.3,-22.61,-25.2,-36.62,-34.8,-39.8,-27.73,-25.71,-20.22,-27.2,-37.25,-34.81
2021,3,-42.32,-34.48,-42.08,-41.94,-41.09,-22.07,-25.29,-36.21,-33.81,-38.16,-26.75,-24.6,-20.13,-27.16,-37.56,-34.01
2021,4,-41.2,-32.67,-41.32,-41.45,-39.7,-21.37,-24.58,-35.14,-33.4,-37.23,-26.64,-24.03,-19.58,-26.06,-36.44,-33.29
2021,5,-39.98,-32.14,-41.0,-41.52,-38.89,-21.08,-24.33,-33.57,-32.91,-37.3,-25.91,-23.92,-18.3,-25.47,-35.83,-33.51
2021,6,-39.81,-32.18,-40.85,-41.65,-38.22,-21.29,-24.44,-33.48,-33.34,-36.66,-26.21,-24.86,-18.51,-25.52,-36.58,-33.24
2021,7,-41.0,-31.84,-41.12,-41.4,-38.94,-21.29,-24.01,-34.02,-33.7,-37.43,-25.46,-24.19,-19.26,-25.32,-36.5,-32.53
2021,8,-41.98,-34.52,-41.54,-41.93,-40.3,-22.25,-25.19,-35.57,-33.63,-37.89,-26.32,-24.34,-19.22,-26.38,-37.21,-33.55
2021,9,-43.05,-34.87,-41.86,-43.07,-42.11,-23.11,-25.54,-36.48,-34.47,-39.89,-27.2,-25.51,-20.15,-26.62,-37.37,-34.8
2021,10,-44.8,-36.61,-43.88,-43.43,-42.37,-22.8,-26.52,-39.05,-35.08,-40.95,-28.57,-26.5,-20.15,-28.18,-37.76,-34.82
2021,11,-45.3,-38.39,-43.52,-44.27,-44.36,-24.2,-26.81,-39.17,-35.54,-42.39,-28.67,-26.96,-20.38,-28.34,-38.93,-35.84
2021,12,-46.71,-37.32,-43.65,-43.5,-44.01,-23.75,-27.63,-39.6,-36.6,-43.02,-28.39,-26.67,-21.41,-28.91,-38.59,-35.35
2022,1,-46.75,-38.03,-43.86,-43.95,-44.53,-23.97,-27.08,-39.45,-36.66,-42.13,-29.2,-26.59,-21.49,-28.51,-38.45,-35.54
2022,2,-45.54,-36.88,-43.59,-43.28,-43.89,-24.0,-26.42,-38.06,-35.6,-41.67,-28.73,-26.1,-20.65,-27.9,-38.13,-35.45
2022,3,-44.88,-36.56,-42.29,-42.48,-42.4,-23.32,-26.92,-37.77,-34.13,-40.34,-27.67,-26.24,-20.5,-27.41,-37.58,-35.1
2022,4,-43.11,-35.59,-42.11,-42.9,-41.26,-23.21,-26.18,-36.77,-34.25,-39.56,-27.22,-25.04,-20.47,-26.95,-37.22,-34.12
2022,5,-42.94,-34.46,-41.55,-41.7,-39.97,-21.96,-25.95,-36.3,-33.79,-39.23,-27.22,-24.59,-20.15,-26.59,-37.05,-33.5
2022,6,-42.81,-34.82,-41.57,-42.43,-40.72,-21.86,-26.34,-36.25,-34.53,-38.51,-26.7,-24.59,-19.92,-27.32,-36.84,-33.68
2022,7,-43.41,-34.16,-42.13,-42.34,-40.74,-22.64,-25.21,-35.84,-33.74,-39.8,-27.84,-24.78,-19.64,-26.93,-37.63,-33.33
2022,8,-44.39,-36.46,-42.84,-43.03,-41.87,-22.93,-26.37,-36.93,-34.09,-40.74,-27.69,-24.88,-19.94,-26.78,-37.9,-34.73
2022,9,-45.7,-37.39,-42.48,-43.93,-43.14,-23.68,-27.06,-38.16,-35.32,-42.3,-28.81,-26.18,-21.37,-28.18,-38.61,-35.22
2022,10,-46.94,-38.23,-43.53,-44.2,-43.96,-24.34,-27.94,-38.96,-35.7,-43.44,-29.88,-27.47,-21.95,-28.36,-39.76,-35.73
2022,11,-47.88,-39.16,-43.81,-44.56,-45.68,-24.99,-28.27,-40.71,-36.56,-43.72,-29.85,-27.7,-22.49,-28.66,-38.98,-36.29
2022,12,-49.31,-40.69,-44.25,-45.55,-46.46,-25.4,-28.31,-41.88,-36.48,-44.13,-30.07,-27.33,-22.24,-29.11,-39.78,-35.95
2023,1,-47.73,-39.59,-43.77,-44.76,-45.75,-24.51,-28.47,-40.86,-36.44,-45.0,-29.89,-27.82,-21.85,-28.71,-39.57,-36.74
2023,2,-47.81,-39.41,-43.49,-45.06,-45.08,-25.37,-28.19,-40.71,-36.89,-43.83,-29.57,-27.6,-23.16,-28.25,-39.39,-35.88
2023,3,-46.77,-38.08,-43.26,-44.31,-44.41,-23.92,-27.82,-39.34,-35.9,-42.74,-29.3,-27.41,-21.83,-27.77,-38.93,-36.05
2023,4,-45.39,-37.08,-42.76,-43.43,-43.31,-24.25,-27.29,-37.34,-35.8,-42.07,-29.32,-26.96,-21.36,-27.76,-38.02,-35.96
2023,5,-44.76,-36.44,-43.13,-43.6,-42.24,-23.41,-26.56,-37.8,-34.97,-41.33,-29.11,-26.37,-19.99,-27.79,-37.38,-34.71
2023,6,-45.31,-36.87,-41.58,-43.93,-42.41,-23.52,-26.85,-37.14,-34.86,-40.76,-27.99,-25.49,-20.24,-27.24,-38.35,-34.77
2023,7,-45.55,-35.81,-42.64,-42.83,-41.91,-23.42,-26.77,-38.16,-35.38,-41.68,-28.55,-26.27,-21.16,-27.07,-38.14,-34.55
2023,8,-46.37,-38.61,-42.56,-43.49,-43.42,-24.35,-27.32,-39.3,-35.99,-42.63,-28.97,-26.51,-21.1,-27.45,-38.07,-35.53
2023,9,-48.07,-39.48,-42.92,-44.78,-45.16,-24.82,-27.93,-40.3,-35.84,-43.92,-29.58,-27.22,-21.29,-28.66,-38.78,-35.32
2023,10,-49.29,-40.84,-44.73,-45.56,-46.7,-26.58,-28.6,-41.64,-36.95,-45.56,-30.92,-28.1,-22.11,-29.46,-39.92,-36.65
2023,11,-49.87,-42.24,-45.03,-45.56,-46.85,-26.24,-28.88,-42.28,-36.87,-46.62,-31.53,-28.56,-22.71,-29.7,-40.17,-37.39
2023,12,-51.38,-42.15,-45.13,-46.03,-48.2,-26.05,-29.96,-43.16,-37.39,-47.27,-31.46,-28.37,-23.26,-30.06,-40.23,-37.28
2024,1,-50.88,-42.15,-45.04,-45.38,-48.04,-26.14,-29.45,-42.7,-37.51,-45.96,-31.55,-28.91,-23.35,-29.98,-40.31,-36.75
2024,2,-49.76,-41.0,-43.87,-45.66,-47.49,-25.47,-29.04,-42.62,-36.45,-45.63,-30.97,-28.17,-23.1,-29.55,-39.99,-36.87
2024,3,-48.83,-40.52,-44.5,-45.43,-45.78,-25.99,-28.02,-40.77,-35.86,-44.63,-30.6,-27.86,-22.42,-29.76,-38.97,-36.76
2024,4,-48.08,-39.79,-43.3,-43.96,-44.49,-25.11,-28.41,-39.95,-35.53,-43.87,-29.32,-26.82,-22.21,-29.01,-39.99,-35.59
2024,5,-47.45,-38.72,-43.49,-44.92,-44.16,-24.58,-27.76,-38.63,-35.65,-42.77,-29.71,-26.68,-21.07,-27.77,-38.78,-36.16
2024,6,-47.4,-38.67,-42.74,-44.58,-43.66,-24.12,-28.21,-38.75,-34.41,-42.67,-29.81,-26.33,-22.0,-27.26,-38.85,-35.74
2024,7,-48.43,-38.63,-43.04,-44.35,-44.23,-24.46,-28.12,-39.16,-35.88,-43.06,-29.57,-27.31,-22.15,-28.63,-38.46,-36.27
2024,8,-49.05,-39.77,-43.92,-44.94,-45.75,-26.16,-28.56,-40.34,-35.96,-44.49,-30.4,-26.89,-22.06,-28.34,-39.98,-35.94
2024,9,-50.69,-41.56,-44.4,-46.24,-46.18,-25.5,-29.12,-42.26,-36.75,-46.24,-31.08,-28.2,-22.96,-29.48,-40.54,-37.71
2024,10,-51.42,-42.58,-44.65,-47.24,-47.88,-26.69,-30.14,-42.91,-37.42,-47.53,-31.95,-28.46,-23.64,-30.45,-40.48,-38.5
2024,11,-53.37,-44.88,-45.29,-47.56,-48.93,-27.43,-29.86,-44.24,-38.34,-48.59,-31.95,-29.3,-23.79,-30.4,-40.99,-38.42
2024,12,-53.28,-44.56,-45.83,-47.16,-49.77,-27.3,-30.06,-44.74,-38.41,-48.28,-33.12,-29.38,-24.51,-30.9,-41.31,-39.06
